name,type,sequence
7-396,i7,AGTTTCGA
7-397,i7,GAACCTCT
7-398,i7,GCCCAGTG
7-399,i7,TGACAGCT
7-400,i7,CATCACCC
7-401,i7,CTGGAGTA
7-402,i7,GATCCGGG
7-403,i7,AACACCTG
7-404,i7,GTGACGTT
7-405,i7,ACAGGAAA
7-406,i7,GTGCTCTG
7-407,i7,GTACCTGG
7-408,i7,AGCGCAAA
7-409,i7,AACGCCCT
7-410,i7,GCGTACGG
7-411,i7,GCCAGATT
7-412,i7,ATAGCAGA
7-413,i7,GAGATGAT
7-414,i7,GCCCGTCT
7-415,i7,TTCGCCTG
7-416,i7,CTAGCTCC
7-417,i7,TATGCCGG
7-418,i7,AATGTTGG
7-419,i7,ATCGGATA
7-420,i7,ATAGTGAC
7-421,i7,GCTCCCTG
7-422,i7,AGTCAATT
7-423,i7,AATACGCT
7-424,i7,AACTTCGT
7-425,i7,GAACTGCC
7-426,i7,AGCATTGT
7-427,i7,GACCAGGA
5-444,i5,CCTACGAT
5-445,i5,GTCTGCGC
5-446,i5,CCGCAATT
5-447,i5,CCCGTAGG
5-448,i5,ATATAGCA
5-449,i5,GTTCGGTT
5-450,i5,AAGCAGGT
5-451,i5,CGCATGGG
5-452,i5,TCCCAGAT
5-453,i5,ATTGTCTA
5-454,i5,AGGAAGAA
5-455,i5,TTTAGGTG
5-456,i5,GCGAGTAC
5-457,i5,ACTGGTTA
5-458,i5,AGTTTCCG
5-459,i5,TTCTCAGC
5-460,i5,TAAGACAT
5-461,i5,AGGCGTGA
5-462,i5,GCTGTTGC
5-463,i5,GAGACGAT
5-464,i5,TCACAAGG
5-465,i5,ATGGTGAG
5-466,i5,AGAATTTG
5-467,i5,GTGAGGAG
5-468,i5,TTGCACAT
5-469,i5,ACATTTGC
5-470,i5,CCATGCGT
5-471,i5,GGTGGTGT
5-472,i5,TCAGCGTG
5-473,i5,GGCTGGGA
5-474,i5,ACGAATAG
5-475,i5,AATGGCTC
